super_category,prompt,category,count
color,Image of color which is a sign of bad luck' — Top 100 matches:,Purple,32
color,Image of color which is a sign of bad luck' — Top 100 matches:,Red,14
color,Image of color which is a sign of bad luck' — Top 100 matches:,Blue,13
color,Image of color which is a sign of bad luck' — Top 100 matches:,Brown,10
color,Image of color which is a sign of bad luck' — Top 100 matches:,Yellow,10
color,Image of color which is a sign of bad luck' — Top 100 matches:,Black,8
color,Image of color which is a sign of bad luck' — Top 100 matches:,Green,6
color,Image of color which is a sign of bad luck' — Top 100 matches:,Orange,4
color,Image of color which is a sign of bad luck' — Top 100 matches:,White,3
color,Image of color which is a sign of good luck' — Top 100 matches:,Green,58
color,Image of color which is a sign of good luck' — Top 100 matches:,Blue,9
color,Image of color which is a sign of good luck' — Top 100 matches:,Orange,9
color,Image of color which is a sign of good luck' — Top 100 matches:,Purple,9
color,Image of color which is a sign of good luck' — Top 100 matches:,Yellow,7
color,Image of color which is a sign of good luck' — Top 100 matches:,Red,5
color,Image of color which is a sign of good luck' — Top 100 matches:,Brown,2
color,Image of color which is a sign of good luck' — Top 100 matches:,White,1
color,Image of color which is a sign of illness' — Top 100 matches:,Black,30
color,Image of color which is a sign of illness' — Top 100 matches:,Brown,25
color,Image of color which is a sign of illness' — Top 100 matches:,Red,14
color,Image of color which is a sign of illness' — Top 100 matches:,White,13
color,Image of color which is a sign of illness' — Top 100 matches:,Orange,6
color,Image of color which is a sign of illness' — Top 100 matches:,Yellow,6
color,Image of color which is a sign of illness' — Top 100 matches:,Blue,5
color,Image of color which is a sign of illness' — Top 100 matches:,Green,1
color,Image of color which is a sign of loss' — Top 100 matches:,Black,54
color,Image of color which is a sign of loss' — Top 100 matches:,White,23
color,Image of color which is a sign of loss' — Top 100 matches:,Brown,13
color,Image of color which is a sign of loss' — Top 100 matches:,Blue,3
color,Image of color which is a sign of loss' — Top 100 matches:,Purple,3
color,Image of color which is a sign of loss' — Top 100 matches:,Red,3
color,Image of color which is a sign of loss' — Top 100 matches:,Yellow,1
color,Image of color which is a sign of prosperity' — Top 100 matches:,Yellow,20
color,Image of color which is a sign of prosperity' — Top 100 matches:,Orange,18
color,Image of color which is a sign of prosperity' — Top 100 matches:,Red,17
color,Image of color which is a sign of prosperity' — Top 100 matches:,Green,16
color,Image of color which is a sign of prosperity' — Top 100 matches:,Blue,13
color,Image of color which is a sign of prosperity' — Top 100 matches:,Purple,11
color,Image of color which is a sign of prosperity' — Top 100 matches:,Brown,4
color,Image of color which is a sign of prosperity' — Top 100 matches:,White,1
color,Image of color which is a sign of wealth' — Top 100 matches:,Brown,31
color,Image of color which is a sign of wealth' — Top 100 matches:,Yellow,23
color,Image of color which is a sign of wealth' — Top 100 matches:,Orange,16
color,Image of color which is a sign of wealth' — Top 100 matches:,Red,13
color,Image of color which is a sign of wealth' — Top 100 matches:,Blue,9
color,Image of color which is a sign of wealth' — Top 100 matches:,Green,3
color,Image of color which is a sign of wealth' — Top 100 matches:,White,3
color,Image of color which is a sign of wealth' — Top 100 matches:,Black,1
color,Image of color which is a sign of wealth' — Top 100 matches:,Purple,1
natural,Image of natural phenomenon which is a sign of bad luck' — Top 100 matches:,Lightning_Strike_thunderstorm,82
natural,Image of natural phenomenon which is a sign of bad luck' — Top 100 matches:,Gentle_Rain,13
natural,Image of natural phenomenon which is a sign of bad luck' — Top 100 matches:,Solar_Eclipse,3
natural,Image of natural phenomenon which is a sign of bad luck' — Top 100 matches:,Cloudy_Sky,1
natural,Image of natural phenomenon which is a sign of bad luck' — Top 100 matches:,Full_Moon,1
natural,Image of natural phenomenon which is a sign of good luck' — Top 100 matches:,Rainbow,49
natural,Image of natural phenomenon which is a sign of good luck' — Top 100 matches:,Gentle_Rain,44
natural,Image of natural phenomenon which is a sign of good luck' — Top 100 matches:,Foggy_Morning,4
natural,Image of natural phenomenon which is a sign of good luck' — Top 100 matches:,Shooting_Star,2
natural,Image of natural phenomenon which is a sign of good luck' — Top 100 matches:,Sunny_Day,1
natural,Image of natural phenomenon which is a sign of illness' — Top 100 matches:,Foggy_Morning,69
natural,Image of natural phenomenon which is a sign of illness' — Top 100 matches:,Cloudy_Sky,10
natural,Image of natural phenomenon which is a sign of illness' — Top 100 matches:,Gentle_Rain,9
natural,Image of natural phenomenon which is a sign of illness' — Top 100 matches:,Snowfall,8
natural,Image of natural phenomenon which is a sign of illness' — Top 100 matches:,Lightning_Strike_thunderstorm,1
natural,Image of natural phenomenon which is a sign of illness' — Top 100 matches:,Rainbow,1
natural,Image of natural phenomenon which is a sign of illness' — Top 100 matches:,Shooting_Star,1
natural,Image of natural phenomenon which is a sign of illness' — Top 100 matches:,Solar_Eclipse,1
natural,Image of natural phenomenon which is a sign of loss' — Top 100 matches:,Solar_Eclipse,51
natural,Image of natural phenomenon which is a sign of loss' — Top 100 matches:,Shooting_Star,32
natural,Image of natural phenomenon which is a sign of loss' — Top 100 matches:,Gentle_Rain,8
natural,Image of natural phenomenon which is a sign of loss' — Top 100 matches:,Foggy_Morning,5
natural,Image of natural phenomenon which is a sign of loss' — Top 100 matches:,Lightning_Strike_thunderstorm,2
natural,Image of natural phenomenon which is a sign of loss' — Top 100 matches:,Cloudy_Sky,1
natural,Image of natural phenomenon which is a sign of loss' — Top 100 matches:,Full_Moon,1
natural,Image of natural phenomenon which is a sign of prosperity' — Top 100 matches:,Sunny_Day,33
natural,Image of natural phenomenon which is a sign of prosperity' — Top 100 matches:,Snowfall,32
natural,Image of natural phenomenon which is a sign of prosperity' — Top 100 matches:,Full_Moon,19
natural,Image of natural phenomenon which is a sign of prosperity' — Top 100 matches:,Shooting_Star,7
natural,Image of natural phenomenon which is a sign of prosperity' — Top 100 matches:,Gentle_Rain,4
natural,Image of natural phenomenon which is a sign of prosperity' — Top 100 matches:,Rainbow,4
natural,Image of natural phenomenon which is a sign of prosperity' — Top 100 matches:,Foggy_Morning,1
natural,Image of natural phenomenon which is a sign of wealth' — Top 100 matches:,Sunny_Day,50
natural,Image of natural phenomenon which is a sign of wealth' — Top 100 matches:,Full_Moon,12
natural,Image of natural phenomenon which is a sign of wealth' — Top 100 matches:,Gentle_Rain,9
natural,Image of natural phenomenon which is a sign of wealth' — Top 100 matches:,Foggy_Morning,8
natural,Image of natural phenomenon which is a sign of wealth' — Top 100 matches:,Rainbow,7
natural,Image of natural phenomenon which is a sign of wealth' — Top 100 matches:,Solar_Eclipse,7
natural,Image of natural phenomenon which is a sign of wealth' — Top 100 matches:,Snowfall,4
natural,Image of natural phenomenon which is a sign of wealth' — Top 100 matches:,Cloudy_Sky,2
natural,Image of natural phenomenon which is a sign of wealth' — Top 100 matches:,Shooting_Star,1
animal,Image of animal which is a sign of bad luck' — Top 100 matches:,Bat,35
animal,Image of animal which is a sign of bad luck' — Top 100 matches:,Crow_Raven,22
animal,Image of animal which is a sign of bad luck' — Top 100 matches:,Cow,16
animal,Image of animal which is a sign of bad luck' — Top 100 matches:,Snake,8
animal,Image of animal which is a sign of bad luck' — Top 100 matches:,Deer,5
animal,Image of animal which is a sign of bad luck' — Top 100 matches:,Ladybug,5
animal,Image of animal which is a sign of bad luck' — Top 100 matches:,Black_Cat,4
animal,Image of animal which is a sign of bad luck' — Top 100 matches:,Owl,3
animal,Image of animal which is a sign of bad luck' — Top 100 matches:,Sparrow,2
animal,Image of animal which is a sign of good luck' — Top 100 matches:,Ladybug,36
animal,Image of animal which is a sign of good luck' — Top 100 matches:,Elephant,15
animal,Image of animal which is a sign of good luck' — Top 100 matches:,Rabbit,15
animal,Image of animal which is a sign of good luck' — Top 100 matches:,Sheep,9
animal,Image of animal which is a sign of good luck' — Top 100 matches:,Snake,5
animal,Image of animal which is a sign of good luck' — Top 100 matches:,Brown_Dog,4
animal,Image of animal which is a sign of good luck' — Top 100 matches:,White_Cat,4
animal,Image of animal which is a sign of good luck' — Top 100 matches:,Deer,3
animal,Image of animal which is a sign of good luck' — Top 100 matches:,Owl,3
animal,Image of animal which is a sign of good luck' — Top 100 matches:,Sparrow,3
animal,Image of animal which is a sign of good luck' — Top 100 matches:,Cow,2
animal,Image of animal which is a sign of good luck' — Top 100 matches:,Goldfish,1
animal,Image of animal which is a sign of illness' — Top 100 matches:,Bat,43
animal,Image of animal which is a sign of illness' — Top 100 matches:,Black_Cat,19
animal,Image of animal which is a sign of illness' — Top 100 matches:,Rabbit,12
animal,Image of animal which is a sign of illness' — Top 100 matches:,Brown_Dog,10
animal,Image of animal which is a sign of illness' — Top 100 matches:,White_Cat,8
animal,Image of animal which is a sign of illness' — Top 100 matches:,Snake,7
animal,Image of animal which is a sign of illness' — Top 100 matches:,Ladybug,1
animal,Image of animal which is a sign of loss' — Top 100 matches:,Elephant,25
animal,Image of animal which is a sign of loss' — Top 100 matches:,Bat,16
animal,Image of animal which is a sign of loss' — Top 100 matches:,Crow_Raven,13
animal,Image of animal which is a sign of loss' — Top 100 matches:,Brown_Dog,12
animal,Image of animal which is a sign of loss' — Top 100 matches:,Cow,7
animal,Image of animal which is a sign of loss' — Top 100 matches:,Rabbit,6
animal,Image of animal which is a sign of loss' — Top 100 matches:,Snake,6
animal,Image of animal which is a sign of loss' — Top 100 matches:,Deer,3
animal,Image of animal which is a sign of loss' — Top 100 matches:,Owl,3
animal,Image of animal which is a sign of loss' — Top 100 matches:,Sheep,3
animal,Image of animal which is a sign of loss' — Top 100 matches:,Goldfish,2
animal,Image of animal which is a sign of loss' — Top 100 matches:,Ladybug,2
animal,Image of animal which is a sign of loss' — Top 100 matches:,Sparrow,1
animal,Image of animal which is a sign of loss' — Top 100 matches:,White_Cat,1
animal,Image of animal which is a sign of prosperity' — Top 100 matches:,Goldfish,78
animal,Image of animal which is a sign of prosperity' — Top 100 matches:,Snake,4
animal,Image of animal which is a sign of prosperity' — Top 100 matches:,Black_Cat,3
animal,Image of animal which is a sign of prosperity' — Top 100 matches:,Brown_Dog,3
animal,Image of animal which is a sign of prosperity' — Top 100 matches:,Rabbit,3
animal,Image of animal which is a sign of prosperity' — Top 100 matches:,Sheep,3
animal,Image of animal which is a sign of prosperity' — Top 100 matches:,Owl,2
animal,Image of animal which is a sign of prosperity' — Top 100 matches:,White_Cat,2
animal,Image of animal which is a sign of prosperity' — Top 100 matches:,Deer,1
animal,Image of animal which is a sign of prosperity' — Top 100 matches:,Sparrow,1
animal,Image of animal which is a sign of wealth' — Top 100 matches:,Elephant,31
animal,Image of animal which is a sign of wealth' — Top 100 matches:,Goldfish,21
animal,Image of animal which is a sign of wealth' — Top 100 matches:,Deer,18
animal,Image of animal which is a sign of wealth' — Top 100 matches:,White_Cat,7
animal,Image of animal which is a sign of wealth' — Top 100 matches:,Snake,6
animal,Image of animal which is a sign of wealth' — Top 100 matches:,Cow,5
animal,Image of animal which is a sign of wealth' — Top 100 matches:,Sheep,5
animal,Image of animal which is a sign of wealth' — Top 100 matches:,Crow_Raven,4
animal,Image of animal which is a sign of wealth' — Top 100 matches:,Brown_Dog,2
animal,Image of animal which is a sign of wealth' — Top 100 matches:,Ladybug,1
number,Image of number which is a sign of bad luck' — Top 100 matches:,Seventeen_17,20
number,Image of number which is a sign of bad luck' — Top 100 matches:,Thirteen_13,18
number,Image of number which is a sign of bad luck' — Top 100 matches:,One_1,16
number,Image of number which is a sign of bad luck' — Top 100 matches:,Four_4,15
number,Image of number which is a sign of bad luck' — Top 100 matches:,Eight_8,10
number,Image of number which is a sign of bad luck' — Top 100 matches:,Twelve_12,5
number,Image of number which is a sign of bad luck' — Top 100 matches:,7,4
number,Image of number which is a sign of bad luck' — Top 100 matches:,Five_5,4
number,Image of number which is a sign of bad luck' — Top 100 matches:,Nine_9,4
number,Image of number which is a sign of bad luck' — Top 100 matches:,Three_3,4
number,Image of number which is a sign of good luck' — Top 100 matches:,Eight_8,29
number,Image of number which is a sign of good luck' — Top 100 matches:,Four_4,17
number,Image of number which is a sign of good luck' — Top 100 matches:,Five_5,14
number,Image of number which is a sign of good luck' — Top 100 matches:,Nine_9,12
number,Image of number which is a sign of good luck' — Top 100 matches:,Three_3,12
number,Image of number which is a sign of good luck' — Top 100 matches:,One_1,5
number,Image of number which is a sign of good luck' — Top 100 matches:,7,4
number,Image of number which is a sign of good luck' — Top 100 matches:,Thirteen_13,4
number,Image of number which is a sign of good luck' — Top 100 matches:,Seventeen_17,3
number,Image of number which is a sign of illness' — Top 100 matches:,Seventeen_17,20
number,Image of number which is a sign of illness' — Top 100 matches:,Thirteen_13,18
number,Image of number which is a sign of illness' — Top 100 matches:,Twelve_12,18
number,Image of number which is a sign of illness' — Top 100 matches:,7,12
number,Image of number which is a sign of illness' — Top 100 matches:,Five_5,8
number,Image of number which is a sign of illness' — Top 100 matches:,Nine_9,8
number,Image of number which is a sign of illness' — Top 100 matches:,Four_4,7
number,Image of number which is a sign of illness' — Top 100 matches:,One_1,4
number,Image of number which is a sign of illness' — Top 100 matches:,Eight_8,2
number,Image of number which is a sign of illness' — Top 100 matches:,Three_3,2
number,Image of number which is a sign of illness' — Top 100 matches:,Twenty_20,1
number,Image of number which is a sign of loss' — Top 100 matches:,Four_4,28
number,Image of number which is a sign of loss' — Top 100 matches:,One_1,21
number,Image of number which is a sign of loss' — Top 100 matches:,7,18
number,Image of number which is a sign of loss' — Top 100 matches:,Five_5,9
number,Image of number which is a sign of loss' — Top 100 matches:,Nine_9,9
number,Image of number which is a sign of loss' — Top 100 matches:,Eight_8,5
number,Image of number which is a sign of loss' — Top 100 matches:,Thirteen_13,4
number,Image of number which is a sign of loss' — Top 100 matches:,Three_3,3
number,Image of number which is a sign of loss' — Top 100 matches:,Seventeen_17,1
number,Image of number which is a sign of loss' — Top 100 matches:,Twelve_12,1
number,Image of number which is a sign of loss' — Top 100 matches:,Twenty_20,1
number,Image of number which is a sign of prosperity' — Top 100 matches:,Twenty_20,41
number,Image of number which is a sign of prosperity' — Top 100 matches:,Eight_8,10
number,Image of number which is a sign of prosperity' — Top 100 matches:,Seventeen_17,8
number,Image of number which is a sign of prosperity' — Top 100 matches:,7,7
number,Image of number which is a sign of prosperity' — Top 100 matches:,Five_5,7
number,Image of number which is a sign of prosperity' — Top 100 matches:,Twelve_12,7
number,Image of number which is a sign of prosperity' — Top 100 matches:,Thirteen_13,6
number,Image of number which is a sign of prosperity' — Top 100 matches:,Nine_9,5
number,Image of number which is a sign of prosperity' — Top 100 matches:,Three_3,5
number,Image of number which is a sign of prosperity' — Top 100 matches:,One_1,3
number,Image of number which is a sign of prosperity' — Top 100 matches:,Four_4,1
number,Image of number which is a sign of wealth' — Top 100 matches:,Twenty_20,19
number,Image of number which is a sign of wealth' — Top 100 matches:,Five_5,16
number,Image of number which is a sign of wealth' — Top 100 matches:,Seventeen_17,15
number,Image of number which is a sign of wealth' — Top 100 matches:,Thirteen_13,14
number,Image of number which is a sign of wealth' — Top 100 matches:,7,13
number,Image of number which is a sign of wealth' — Top 100 matches:,Nine_9,7
number,Image of number which is a sign of wealth' — Top 100 matches:,Three_3,5
number,Image of number which is a sign of wealth' — Top 100 matches:,Twelve_12,5
number,Image of number which is a sign of wealth' — Top 100 matches:,Four_4,3
number,Image of number which is a sign of wealth' — Top 100 matches:,Eight_8,2
number,Image of number which is a sign of wealth' — Top 100 matches:,One_1,1
object,Image of object which is a sign of bad luck' — Top 100 matches:,Broken_Mirror,52
object,Image of object which is a sign of bad luck' — Top 100 matches:,Open_Umbrella_Indoors,40
object,Image of object which is a sign of bad luck' — Top 100 matches:,Ladder_Walking_Under,2
object,Image of object which is a sign of bad luck' — Top 100 matches:,Lucky_Charm_Bracelet,2
object,Image of object which is a sign of bad luck' — Top 100 matches:,Umbrella_Closed_Outdoors,2
object,Image of object which is a sign of bad luck' — Top 100 matches:,Horseshoe,1
object,Image of object which is a sign of bad luck' — Top 100 matches:,Lucky_Coin,1
object,Image of object which is a sign of good luck' — Top 100 matches:,Lucky_Charm_Bracelet,53
object,Image of object which is a sign of good luck' — Top 100 matches:,Lucky_Coin,26
object,Image of object which is a sign of good luck' — Top 100 matches:,Dream_Catcher,10
object,Image of object which is a sign of good luck' — Top 100 matches:,Horseshoe,6
object,Image of object which is a sign of good luck' — Top 100 matches:,Book,2
object,Image of object which is a sign of good luck' — Top 100 matches:,Wishbone,2
object,Image of object which is a sign of good luck' — Top 100 matches:,Spoon,1
object,Image of object which is a sign of illness' — Top 100 matches:,Wishbone,28
object,Image of object which is a sign of illness' — Top 100 matches:,Book,19
object,Image of object which is a sign of illness' — Top 100 matches:,Ladder_Walking_Under,15
object,Image of object which is a sign of illness' — Top 100 matches:,Open_Umbrella_Indoors,12
object,Image of object which is a sign of illness' — Top 100 matches:,Horseshoe,10
object,Image of object which is a sign of illness' — Top 100 matches:,Broken_Mirror,8
object,Image of object which is a sign of illness' — Top 100 matches:,Spoon,3
object,Image of object which is a sign of illness' — Top 100 matches:,Lucky_Charm_Bracelet,2
object,Image of object which is a sign of illness' — Top 100 matches:,Lucky_Coin,2
object,Image of object which is a sign of illness' — Top 100 matches:,Chair,1
object,Image of object which is a sign of loss' — Top 100 matches:,Broken_Mirror,49
object,Image of object which is a sign of loss' — Top 100 matches:,Wishbone,17
object,Image of object which is a sign of loss' — Top 100 matches:,Chair,15
object,Image of object which is a sign of loss' — Top 100 matches:,Ladder_Walking_Under,12
object,Image of object which is a sign of loss' — Top 100 matches:,Mirror_Unbroken,4
object,Image of object which is a sign of loss' — Top 100 matches:,Book,3
object,Image of object which is a sign of prosperity' — Top 100 matches:,Lucky_Coin,48
object,Image of object which is a sign of prosperity' — Top 100 matches:,Lucky_Charm_Bracelet,29
object,Image of object which is a sign of prosperity' — Top 100 matches:,Dream_Catcher,19
object,Image of object which is a sign of prosperity' — Top 100 matches:,Horseshoe,4
object,Image of object which is a sign of wealth' — Top 100 matches:,Empty_Wallet,69
object,Image of object which is a sign of wealth' — Top 100 matches:,Lucky_Coin,20
object,Image of object which is a sign of wealth' — Top 100 matches:,Spoon,5
object,Image of object which is a sign of wealth' — Top 100 matches:,Mirror_Unbroken,3
object,Image of object which is a sign of wealth' — Top 100 matches:,Book,1
object,Image of object which is a sign of wealth' — Top 100 matches:,Chair,1
object,Image of object which is a sign of wealth' — Top 100 matches:,Lucky_Charm_Bracelet,1
place,Image of place which is a sign of bad luck' — Top 100 matches:,Haunted_House,71
place,Image of place which is a sign of bad luck' — Top 100 matches:,Old_Ruins,11
place,Image of place which is a sign of bad luck' — Top 100 matches:,Crossroads,10
place,Image of place which is a sign of bad luck' — Top 100 matches:,Cemetery,4
place,Image of place which is a sign of bad luck' — Top 100 matches:,Marketplace,2
place,Image of place which is a sign of bad luck' — Top 100 matches:,Fountain,1
place,Image of place which is a sign of bad luck' — Top 100 matches:,Library,1
place,Image of place which is a sign of good luck' — Top 100 matches:,Fountain,40
place,Image of place which is a sign of good luck' — Top 100 matches:,Sacred_Tree,35
place,Image of place which is a sign of good luck' — Top 100 matches:,Temple,24
place,Image of place which is a sign of good luck' — Top 100 matches:,Park,1
place,Image of place which is a sign of illness' — Top 100 matches:,Cemetery,37
place,Image of place which is a sign of illness' — Top 100 matches:,Haunted_House,24
place,Image of place which is a sign of illness' — Top 100 matches:,Crossroads,22
place,Image of place which is a sign of illness' — Top 100 matches:,Park,8
place,Image of place which is a sign of illness' — Top 100 matches:,Library,4
place,Image of place which is a sign of illness' — Top 100 matches:,Sacred_Tree,4
place,Image of place which is a sign of illness' — Top 100 matches:,Marketplace,1
place,Image of place which is a sign of loss' — Top 100 matches:,Cemetery,41
place,Image of place which is a sign of loss' — Top 100 matches:,Haunted_House,39
place,Image of place which is a sign of loss' — Top 100 matches:,Crossroads,9
place,Image of place which is a sign of loss' — Top 100 matches:,Marketplace,6
place,Image of place which is a sign of loss' — Top 100 matches:,Old_Ruins,3
place,Image of place which is a sign of loss' — Top 100 matches:,Library,1
place,Image of place which is a sign of loss' — Top 100 matches:,Park,1
place,Image of place which is a sign of prosperity' — Top 100 matches:,Temple,57
place,Image of place which is a sign of prosperity' — Top 100 matches:,Sacred_Tree,33
place,Image of place which is a sign of prosperity' — Top 100 matches:,Park,3
place,Image of place which is a sign of prosperity' — Top 100 matches:,Crossroads,2
place,Image of place which is a sign of prosperity' — Top 100 matches:,Fountain,2
place,Image of place which is a sign of prosperity' — Top 100 matches:,Old_Ruins,2
place,Image of place which is a sign of prosperity' — Top 100 matches:,Marketplace,1
place,Image of place which is a sign of wealth' — Top 100 matches:,Library,48
place,Image of place which is a sign of wealth' — Top 100 matches:,Marketplace,23
place,Image of place which is a sign of wealth' — Top 100 matches:,Temple,19
place,Image of place which is a sign of wealth' — Top 100 matches:,Park,4
place,Image of place which is a sign of wealth' — Top 100 matches:,Fountain,2
place,Image of place which is a sign of wealth' — Top 100 matches:,Old_Ruins,2
place,Image of place which is a sign of wealth' — Top 100 matches:,Haunted_House,1
place,Image of place which is a sign of wealth' — Top 100 matches:,Sacred_Tree,1
plant,Image of plant which is a sign of bad luck' — Top 100 matches:,Four-leaf_Clover,28
plant,Image of plant which is a sign of bad luck' — Top 100 matches:,Thorny_Bushes,22
plant,Image of plant which is a sign of bad luck' — Top 100 matches:,Cactus,20
plant,Image of plant which is a sign of bad luck' — Top 100 matches:,Poison_Ivy,12
plant,Image of plant which is a sign of bad luck' — Top 100 matches:,Money_Plant_Jade,9
plant,Image of plant which is a sign of bad luck' — Top 100 matches:,Dead_Flowers,7
plant,Image of plant which is a sign of bad luck' — Top 100 matches:,Bamboo,1
plant,Image of plant which is a sign of bad luck' — Top 100 matches:,Basil,1
plant,Image of plant which is a sign of good luck' — Top 100 matches:,Four-leaf_Clover,89
plant,Image of plant which is a sign of good luck' — Top 100 matches:,Money_Plant_Jade,7
plant,Image of plant which is a sign of good luck' — Top 100 matches:,Poison_Ivy,2
plant,Image of plant which is a sign of good luck' — Top 100 matches:,Bamboo,1
plant,Image of plant which is a sign of good luck' — Top 100 matches:,Fern,1
plant,Image of plant which is a sign of illness' — Top 100 matches:,Thorny_Bushes,59
plant,Image of plant which is a sign of illness' — Top 100 matches:,Poison_Ivy,15
plant,Image of plant which is a sign of illness' — Top 100 matches:,Basil,11
plant,Image of plant which is a sign of illness' — Top 100 matches:,Dead_Flowers,9
plant,Image of plant which is a sign of illness' — Top 100 matches:,Grass,3
plant,Image of plant which is a sign of illness' — Top 100 matches:,Fern,2
plant,Image of plant which is a sign of illness' — Top 100 matches:,Cactus,1
plant,Image of plant which is a sign of loss' — Top 100 matches:,Dead_Flowers,37
plant,Image of plant which is a sign of loss' — Top 100 matches:,Thorny_Bushes,20
plant,Image of plant which is a sign of loss' — Top 100 matches:,Grass,15
plant,Image of plant which is a sign of loss' — Top 100 matches:,Poison_Ivy,14
plant,Image of plant which is a sign of loss' — Top 100 matches:,Bamboo,4
plant,Image of plant which is a sign of loss' — Top 100 matches:,Cactus,3
plant,Image of plant which is a sign of loss' — Top 100 matches:,Fern,2
plant,Image of plant which is a sign of loss' — Top 100 matches:,Money_Plant_Jade,2
plant,Image of plant which is a sign of loss' — Top 100 matches:,Rose_Bush,2
plant,Image of plant which is a sign of loss' — Top 100 matches:,Sunflower,1
plant,Image of plant which is a sign of prosperity' — Top 100 matches:,Rose_Bush,30
plant,Image of plant which is a sign of prosperity' — Top 100 matches:,Bamboo,22
plant,Image of plant which is a sign of prosperity' — Top 100 matches:,Basil,17
plant,Image of plant which is a sign of prosperity' — Top 100 matches:,Money_Plant_Jade,12
plant,Image of plant which is a sign of prosperity' — Top 100 matches:,Cactus,4
plant,Image of plant which is a sign of prosperity' — Top 100 matches:,Dead_Flowers,4
plant,Image of plant which is a sign of prosperity' — Top 100 matches:,Thorny_Bushes,3
plant,Image of plant which is a sign of prosperity' — Top 100 matches:,Grass,2
plant,Image of plant which is a sign of prosperity' — Top 100 matches:,Poison_Ivy,2
plant,Image of plant which is a sign of prosperity' — Top 100 matches:,Sunflower,2
plant,Image of plant which is a sign of prosperity' — Top 100 matches:,Fern,1
plant,Image of plant which is a sign of prosperity' — Top 100 matches:,Four-leaf_Clover,1
plant,Image of plant which is a sign of wealth' — Top 100 matches:,Rose_Bush,30
plant,Image of plant which is a sign of wealth' — Top 100 matches:,Sunflower,23
plant,Image of plant which is a sign of wealth' — Top 100 matches:,Bamboo,21
plant,Image of plant which is a sign of wealth' — Top 100 matches:,Thorny_Bushes,7
plant,Image of plant which is a sign of wealth' — Top 100 matches:,Cactus,5
plant,Image of plant which is a sign of wealth' — Top 100 matches:,Fern,5
plant,Image of plant which is a sign of wealth' — Top 100 matches:,Grass,4
plant,Image of plant which is a sign of wealth' — Top 100 matches:,Basil,3
plant,Image of plant which is a sign of wealth' — Top 100 matches:,Dead_Flowers,2
symbol,Image of symbol which is a sign of bad luck' — Top 100 matches:,Skull_Crossbones,54
symbol,Image of symbol which is a sign of bad luck' — Top 100 matches:,Pentagram,25
symbol,Image of symbol which is a sign of bad luck' — Top 100 matches:,Upside_Down_Cross,7
symbol,Image of symbol which is a sign of bad luck' — Top 100 matches:,Voodoo_Doll,5
symbol,Image of symbol which is a sign of bad luck' — Top 100 matches:,Arrow,3
symbol,Image of symbol which is a sign of bad luck' — Top 100 matches:,Evil_Eye,3
symbol,Image of symbol which is a sign of bad luck' — Top 100 matches:,Star,2
symbol,Image of symbol which is a sign of bad luck' — Top 100 matches:,Cross,1
symbol,Image of symbol which is a sign of good luck' — Top 100 matches:,Laughing_Buddha,58
symbol,Image of symbol which is a sign of good luck' — Top 100 matches:,Hamsa_Hand,38
symbol,Image of symbol which is a sign of good luck' — Top 100 matches:,Evil_Eye,2
symbol,Image of symbol which is a sign of good luck' — Top 100 matches:,Voodoo_Doll,1
symbol,Image of symbol which is a sign of good luck' — Top 100 matches:,peace,1
symbol,Image of symbol which is a sign of illness' — Top 100 matches:,Voodoo_Doll,35
symbol,Image of symbol which is a sign of illness' — Top 100 matches:,Heart,19
symbol,Image of symbol which is a sign of illness' — Top 100 matches:,Evil_Eye,14
symbol,Image of symbol which is a sign of illness' — Top 100 matches:,peace,9
symbol,Image of symbol which is a sign of illness' — Top 100 matches:,Cross,8
symbol,Image of symbol which is a sign of illness' — Top 100 matches:,Upside_Down_Cross,8
symbol,Image of symbol which is a sign of illness' — Top 100 matches:,Star,4
symbol,Image of symbol which is a sign of illness' — Top 100 matches:,Skull_Crossbones,3
symbol,Image of symbol which is a sign of loss' — Top 100 matches:,Cross,44
symbol,Image of symbol which is a sign of loss' — Top 100 matches:,Upside_Down_Cross,36
symbol,Image of symbol which is a sign of loss' — Top 100 matches:,Arrow,7
symbol,Image of symbol which is a sign of loss' — Top 100 matches:,Voodoo_Doll,7
symbol,Image of symbol which is a sign of loss' — Top 100 matches:,peace,6
symbol,Image of symbol which is a sign of prosperity' — Top 100 matches:,Laughing_Buddha,84
symbol,Image of symbol which is a sign of prosperity' — Top 100 matches:,Hamsa_Hand,7
symbol,Image of symbol which is a sign of prosperity' — Top 100 matches:,Pentagram,3
symbol,Image of symbol which is a sign of prosperity' — Top 100 matches:,Voodoo_Doll,3
symbol,Image of symbol which is a sign of prosperity' — Top 100 matches:,Cross,1
symbol,Image of symbol which is a sign of prosperity' — Top 100 matches:,Evil_Eye,1
symbol,Image of symbol which is a sign of prosperity' — Top 100 matches:,Star,1
symbol,Image of symbol which is a sign of wealth' — Top 100 matches:,Laughing_Buddha,54
symbol,Image of symbol which is a sign of wealth' — Top 100 matches:,Hamsa_Hand,20
symbol,Image of symbol which is a sign of wealth' — Top 100 matches:,Evil_Eye,10
symbol,Image of symbol which is a sign of wealth' — Top 100 matches:,Pentagram,5
symbol,Image of symbol which is a sign of wealth' — Top 100 matches:,Cross,3
symbol,Image of symbol which is a sign of wealth' — Top 100 matches:,Skull_Crossbones,3
symbol,Image of symbol which is a sign of wealth' — Top 100 matches:,Star,2
symbol,Image of symbol which is a sign of wealth' — Top 100 matches:,Upside_Down_Cross,2
symbol,Image of symbol which is a sign of wealth' — Top 100 matches:,Voodoo_Doll,1
